Price,y,GLD,QQQ,^TNX
Ticker,^GSPC,GLD,QQQ,^TNX
ds,,,,
2022-06-01,4101.22998046875,172.22999572753906,306.0,2.930999994277954
2022-06-02,4176.81982421875,174.35000610351562,314.3800048828125,2.9130001068115234
2022-06-03,4108.5400390625,172.5800018310547,306.20001220703125,2.9570000171661377
2022-06-06,4121.43017578125,171.82000732421875,307.2200012207031,3.0380001068115234
2022-06-07,4160.68017578125,172.94000244140625,309.8699951171875,2.9719998836517334
2022-06-08,4115.77001953125,172.77999877929688,307.6400146484375,3.0290000438690186
2022-06-09,4017.820068359375,172.22999572753906,299.3999938964844,3.0439999103546143
2022-06-10,3900.860107421875,174.5399932861328,288.8399963378906,3.1559998989105225
2022-06-13,3749.6298828125,169.92999267578125,275.4100036621094,3.365999937057495
2022-06-14,3735.47998046875,168.57000732421875,275.9100036621094,3.4830000400543213
2022-06-15,3789.989990234375,170.77000427246094,282.79998779296875,3.3949999809265137
2022-06-16,3666.77001953125,172.69000244140625,271.3900146484375,3.306999921798706
2022-06-17,3674.840087890625,171.27000427246094,274.69000244140625,3.239000082015991
2022-06-20,3674.840087890625,171.27000427246094,274.69000244140625,3.239000082015991
2022-06-21,3764.7900390625,170.6300048828125,281.0799865722656,3.306999921798706
2022-06-22,3759.889892578125,171.30999755859375,280.6700134277344,3.1559998989105225
2022-06-23,3795.72998046875,170.25999450683594,284.8500061035156,3.068000078201294
2022-06-24,3911.739990234375,170.08999633789062,294.6099853515625,3.125
2022-06-27,3900.110107421875,169.89999389648438,292.45001220703125,3.194000005722046
2022-06-28,3821.550048828125,169.6199951171875,283.5400085449219,3.2060000896453857
2022-06-29,3818.830078125,169.49000549316406,283.79998779296875,3.0929999351501465
2022-06-30,3785.3798828125,168.4600067138672,280.2799987792969,2.9719998836517334
2022-07-01,3825.330078125,168.32000732421875,282.1300048828125,2.8889999389648438
2022-07-04,3825.330078125,168.32000732421875,282.1300048828125,2.8889999389648438
2022-07-05,3831.389892578125,164.75,286.9599914550781,2.809000015258789
2022-07-06,3845.080078125,162.13999938964844,288.79998779296875,2.9130001068115234
2022-07-07,3902.6201171875,162.22999572753906,294.9800109863281,3.007999897003174
2022-07-08,3899.3798828125,162.3000030517578,295.3500061035156,3.1010000705718994
2022-07-11,3854.429931640625,161.42999267578125,289.0400085449219,2.990999937057495
2022-07-12,3818.800048828125,160.8300018310547,286.239990234375,2.9579999446868896
2022-07-13,3801.780029296875,161.60000610351562,285.6499938964844,2.9040000438690186
2022-07-14,3790.3798828125,159.3300018310547,286.6700134277344,2.9600000381469727
2022-07-15,3863.159912109375,159.00999450683594,291.8699951171875,2.930000066757202
2022-07-18,3830.85009765625,159.16000366210938,289.3999938964844,2.9600000381469727
2022-07-19,3936.68994140625,159.5399932861328,298.29998779296875,3.0190000534057617
2022-07-20,3959.89990234375,158.0399932861328,303.0299987792969,3.0360000133514404
2022-07-21,3998.949951171875,160.27000427246094,307.3800048828125,2.9100000858306885
2022-07-22,3961.6298828125,160.6699981689453,301.989990234375,2.7829999923706055
2022-07-25,3966.840087890625,160.22999572753906,300.2699890136719,2.819999933242798
2022-07-26,3921.050048828125,160.0399932861328,294.3699951171875,2.7869999408721924
2022-07-27,4023.610107421875,161.6699981689453,306.80999755859375,2.7339999675750732
2022-07-28,4072.429931640625,163.63999938964844,309.80999755859375,2.680999994277954
2022-07-29,4130.2900390625,164.10000610351562,315.4599914550781,2.6419999599456787
2022-08-01,4118.6298828125,165.02999877929688,315.2699890136719,2.6059999465942383
2022-08-02,4091.18994140625,164.0500030517578,314.3299865722656,2.740999937057495
2022-08-03,4155.169921875,164.4499969482422,322.8900146484375,2.747999906539917
2022-08-04,4151.93994140625,167.1699981689453,324.3999938964844,2.6760001182556152
2022-08-05,4145.18994140625,165.2899932861328,321.75,2.8399999141693115
2022-08-08,4140.06005859375,166.69000244140625,320.7099914550781,2.765000104904175
2022-08-09,4122.47021484375,167.1999969482422,317.0799865722656,2.796999931335449
2022-08-10,4210.240234375,166.77999877929688,325.92999267578125,2.7860000133514404
2022-08-11,4207.27001953125,166.33999633789062,324.0799865722656,2.888000011444092
2022-08-12,4280.14990234375,167.8699951171875,330.3900146484375,2.8489999771118164
2022-08-15,4297.14013671875,165.7100067138672,333.05999755859375,2.7909998893737793
2022-08-16,4305.2001953125,165.4199981689453,332.2799987792969,2.8239998817443848
2022-08-17,4274.0400390625,164.35000610351562,328.489990234375,2.8929998874664307
2022-08-18,4283.740234375,163.9199981689453,329.2799987792969,2.880000114440918
2022-08-19,4228.47998046875,162.72000122070312,322.8599853515625,2.989000082015991
2022-08-22,4137.990234375,161.63999938964844,314.3599853515625,3.0369999408721924
2022-08-23,4128.72998046875,162.77000427246094,314.1000061035156,3.053999900817871
2022-08-24,4140.77001953125,163.25,315.010009765625,3.1059999465942383
2022-08-25,4199.1201171875,163.75,320.5799865722656,3.0260000228881836
2022-08-26,4057.659912109375,161.75999450683594,307.44000244140625,3.0350000858306885
2022-08-29,4030.610107421875,161.86000061035156,304.4100036621094,3.109999895095825
2022-08-30,3986.159912109375,160.50999450683594,301.0199890136719,3.109999895095825
2022-08-31,3955.0,159.27000427246094,299.2699890136719,3.132999897003174
2022-09-01,3966.85009765625,157.8699951171875,299.3999938964844,3.265000104904175
2022-09-02,3924.260009765625,159.25999450683594,295.1700134277344,3.193000078201294
2022-09-05,3924.260009765625,159.25999450683594,295.1700134277344,3.193000078201294
2022-09-06,3908.18994140625,158.3300018310547,293.04998779296875,3.3399999141693115
2022-09-07,3979.8701171875,159.94000244140625,298.9700012207031,3.265000104904175
2022-09-08,4006.179931640625,158.97999572753906,300.5199890136719,3.2920000553131104
2022-09-09,4067.360107421875,159.82000732421875,307.0899963378906,3.321000099182129
2022-09-12,4110.41015625,160.6300048828125,310.739990234375,3.361999988555908
2022-09-13,3932.68994140625,158.5399932861328,293.70001220703125,3.421999931335449
2022-09-14,3946.010009765625,157.92999267578125,296.0299987792969,3.4119999408721924
2022-09-15,3901.35009765625,154.97999572753906,291.1000061035156,3.4590001106262207
2022-09-16,3873.330078125,155.83999633789062,289.32000732421875,3.447999954223633
2022-09-19,3899.889892578125,155.9600067138672,291.04998779296875,3.490000009536743
2022-09-20,3855.929931640625,155.07000732421875,288.7300109863281,3.571000099182129
2022-09-21,3789.929931640625,155.7899932861328,283.55999755859375,3.509999990463257
2022-09-22,3757.989990234375,155.6999969482422,280.07000732421875,3.7079999446868896
2022-09-23,3693.22998046875,153.00999450683594,275.510009765625,3.697000026702881
2022-09-26,3655.0400390625,151.22999572753906,274.3699951171875,3.878000020980835
2022-09-27,3647.2900390625,151.5399932861328,274.4800109863281,3.9639999866485596
2022-09-28,3719.0400390625,154.69000244140625,279.94000244140625,3.7049999237060547
2022-09-29,3640.469970703125,154.66000366210938,271.8699951171875,3.746999979019165
2022-09-30,3585.6201171875,154.6699981689453,267.260009765625,3.803999900817871
2022-10-03,3678.429931640625,158.42999267578125,273.5299987792969,3.6510000228881836
2022-10-04,3790.929931640625,160.6999969482422,282.1300048828125,3.617000102996826
2022-10-05,3783.280029296875,159.80999755859375,281.9800109863281,3.759000062942505
2022-10-06,3744.52001953125,159.6300048828125,279.760009765625,3.8259999752044678
2022-10-07,3639.659912109375,157.8800048828125,269.1000061035156,3.882999897003174
2022-10-10,3612.389892578125,155.47999572753906,266.4100036621094,3.888000011444092
2022-10-11,3588.840087890625,155.16000366210938,262.75,3.938999891281128
2022-10-12,3577.030029296875,155.99000549316406,262.6600036621094,3.9019999504089355
2022-10-13,3669.909912109375,154.91000366210938,268.82000732421875,3.9519999027252197
2022-10-14,3583.070068359375,152.97999572753906,260.739990234375,4.010000228881836
2022-10-17,3677.949951171875,153.4199981689453,269.3500061035156,4.014999866485596
2022-10-18,3719.97998046875,153.75,271.4800109863281,3.997999906539917
2022-10-19,3695.159912109375,151.69000244140625,270.489990234375,4.126999855041504
2022-10-20,3665.780029296875,151.4499969482422,269.1099853515625,4.22599983215332
2022-10-21,3752.75,154.14999389648438,275.4200134277344,4.2129998207092285
2022-10-24,3797.340087890625,153.64999389648438,278.45001220703125,4.234000205993652
2022-10-25,3859.110107421875,154.0,284.2099914550781,4.107999801635742
2022-10-26,3830.60009765625,154.97999572753906,277.92999267578125,4.014999866485596
2022-10-27,3807.300048828125,154.74000549316406,272.8699951171875,3.937000036239624
2022-10-28,3901.06005859375,153.16000366210938,281.2200012207031,4.010000228881836
2022-10-31,3871.97998046875,151.91000366210938,277.95001220703125,4.077000141143799
2022-11-01,3856.10009765625,153.4600067138672,275.1099853515625,4.052000045776367
2022-11-02,3759.68994140625,152.38999938964844,265.67999267578125,4.059000015258789
2022-11-03,3719.889892578125,151.80999755859375,260.489990234375,4.124000072479248
2022-11-04,3770.550048828125,156.47000122070312,264.67999267578125,4.156000137329102
2022-11-07,3806.800048828125,155.85000610351562,267.5899963378906,4.214000225067139
2022-11-08,3828.110107421875,159.4499969482422,269.5400085449219,4.125999927520752
2022-11-09,3748.570068359375,158.64999389648438,263.32000732421875,4.151000022888184
2022-11-10,3956.3701171875,163.47999572753906,282.75,3.8289999961853027
2022-11-11,3992.929931640625,164.55999755859375,287.9599914550781,3.812999963760376
2022-11-14,3957.25,164.9199981689453,285.44000244140625,3.865000009536743
2022-11-15,3991.72998046875,165.5,289.3900146484375,3.7990000247955322
2022-11-16,3958.7900390625,165.1199951171875,285.44000244140625,3.691999912261963
2022-11-17,3946.56005859375,163.9199981689453,284.80999755859375,3.7750000953674316
2022-11-18,3965.340087890625,162.7899932861328,284.82000732421875,3.818000078201294
2022-11-21,3949.93994140625,161.8800048828125,281.8900146484375,3.825000047683716
2022-11-22,4003.580078125,162.07000732421875,285.95001220703125,3.757999897003174
2022-11-23,4027.260009765625,163.0800018310547,288.82000732421875,3.7060000896453857
2022-11-24,4027.260009765625,163.0800018310547,288.82000732421875,3.7060000896453857
2022-11-25,4026.1201171875,163.22000122070312,286.9200134277344,3.690999984741211
2022-11-28,3963.93994140625,161.92999267578125,282.7099914550781,3.703000068664551
2022-11-29,3957.6298828125,162.72999572753906,280.57000732421875,3.747999906539917
2022-11-30,4080.110107421875,164.80999755859375,293.3599853515625,3.703000068664551
2022-12-01,4076.570068359375,167.83999633789062,293.7200012207031,3.5290000438690186
2022-12-02,4071.699951171875,167.25999450683594,292.54998779296875,3.50600004196167
2022-12-05,3998.840087890625,164.38999938964844,287.6400146484375,3.5989999771118164
2022-12-06,3941.260009765625,164.83999633789062,281.67999267578125,3.513000011444092
2022-12-07,3933.919921875,166.3300018310547,280.5299987792969,3.4079999923706055
2022-12-08,3963.510009765625,166.47000122070312,283.8500061035156,3.490999937057495
2022-12-09,3934.3798828125,167.05999755859375,282.0400085449219,3.566999912261963
2022-12-12,3990.56005859375,165.67999267578125,285.5799865722656,3.6110000610351562
2022-12-13,4019.64990234375,168.50999450683594,288.6499938964844,3.500999927520752
2022-12-14,3995.320068359375,168.10000610351562,286.510009765625,3.503000020980835
2022-12-15,3895.75,165.35000610351562,276.8900146484375,3.450000047683716
2022-12-16,3852.360107421875,166.7899932861328,274.25,3.4820001125335693
2022-12-19,3817.659912109375,166.32000732421875,269.75,3.5810000896453857
2022-12-20,3821.6201171875,169.0800018310547,269.5400085449219,3.684000015258789
2022-12-21,3878.43994140625,168.8000030517578,273.45001220703125,3.684000015258789
2022-12-22,3822.389892578125,166.75999450683594,266.760009765625,3.6689999103546143
2022-12-23,3844.820068359375,167.25999450683594,267.3599853515625,3.750999927520752
2022-12-26,3844.820068359375,167.25999450683594,267.3599853515625,3.750999927520752
2022-12-27,3829.25,168.6699981689453,263.5799865722656,3.859999895095825
2022-12-28,3783.219970703125,167.91000366210938,260.1000061035156,3.88700008392334
2022-12-29,3849.280029296875,168.85000610351562,266.44000244140625,3.8350000381469727
2022-12-30,3839.5,169.63999938964844,266.2799987792969,3.878999948501587
2023-01-02,3839.5,169.63999938964844,266.2799987792969,3.878999948501587
2023-01-03,3824.139892578125,171.05999755859375,264.4800109863281,3.7929999828338623
2023-01-04,3852.969970703125,172.6699981689453,265.739990234375,3.7090001106262207
2023-01-05,3808.10009765625,170.52000427246094,261.5799865722656,3.7200000286102295
2023-01-06,3895.080078125,173.7100067138672,268.79998779296875,3.569000005722046
2023-01-09,3892.090087890625,174.10000610351562,270.5400085449219,3.5169999599456787
2023-01-10,3919.25,174.74000549316406,272.8299865722656,3.621000051498413
2023-01-11,3969.610107421875,174.6199951171875,277.54998779296875,3.553999900817871
2023-01-12,3983.169921875,176.63999938964844,279.04998779296875,3.4489998817443848
2023-01-13,3999.090087890625,178.75999450683594,280.9700012207031,3.510999917984009
2023-01-16,3999.090087890625,178.75999450683594,280.9700012207031,3.510999917984009
2023-01-17,3990.969970703125,177.58999633789062,281.5400085449219,3.5350000858306885
2023-01-18,3928.860107421875,177.0800018310547,277.8800048828125,3.375
2023-01-19,3898.85009765625,179.88999938964844,275.1499938964844,3.3970000743865967
2023-01-20,3972.610107421875,179.2899932861328,282.67999267578125,3.4839999675750732
2023-01-23,4019.81005859375,179.6300048828125,288.9599914550781,3.5250000953674316
2023-01-24,4016.949951171875,180.27999877929688,288.3699951171875,3.4690001010894775
2023-01-25,4016.219970703125,181.11000061035156,287.7300109863281,3.4619998931884766
2023-01-26,4060.429931640625,179.47000122070312,293.3399963378906,3.493000030517578
2023-01-27,4070.56005859375,179.22000122070312,296.260009765625,3.5179998874664307
2023-01-30,4017.77001953125,178.75999450683594,290.2699890136719,3.5510001182556152
2023-01-31,4076.60009765625,179.41000366210938,294.6199951171875,3.5290000438690186
2023-02-01,4119.2099609375,181.6699981689453,300.9200134277344,3.3970000743865967
2023-02-02,4179.759765625,177.89999389648438,311.7200012207031,3.3959999084472656
2023-02-03,4136.47998046875,173.4600067138672,306.17999267578125,3.5320000648498535
2023-02-06,4111.080078125,173.82000732421875,303.5899963378906,3.634000062942505
2023-02-07,4164.0,173.97999572753906,309.8800048828125,3.6740000247955322
2023-02-08,4117.85986328125,174.41000366210938,304.3699951171875,3.6530001163482666
2023-02-09,4081.5,173.02999877929688,301.67999267578125,3.683000087738037
2023-02-10,4090.4599609375,173.36000061035156,299.70001220703125,3.74399995803833
2023-02-13,4137.2900390625,172.47999572753906,304.5,3.7170000076293945
2023-02-14,4136.1298828125,172.61000061035156,306.75,3.760999917984009
2023-02-15,4147.60009765625,170.88999938964844,309.1000061035156,3.809000015258789
2023-02-16,4090.409912109375,170.75,303.29998779296875,3.8429999351501465
2023-02-17,4079.090087890625,171.25999450683594,301.1600036621094,3.828000068664551
2023-02-20,4079.090087890625,171.25999450683594,301.1600036621094,3.828000068664551
2023-02-21,3997.340087890625,170.6199951171875,294.0299987792969,3.9549999237060547
2023-02-22,3991.050048828125,169.66000366210938,294.25,3.9230000972747803
2023-02-23,4012.320068359375,169.57000732421875,296.82000732421875,3.878999948501587
2023-02-24,3970.0400390625,168.35000610351562,291.8500061035156,3.9489998817443848
2023-02-27,3982.239990234375,169.00999450683594,293.94000244140625,3.921999931335449
2023-02-28,3970.14990234375,169.77999877929688,293.55999755859375,3.9159998893737793
2023-03-01,3951.389892578125,170.75999450683594,291.20001220703125,3.99399995803833
2023-03-02,3981.35009765625,170.66000366210938,293.6099853515625,4.072999954223633
2023-03-03,4045.639892578125,172.49000549316406,299.67999267578125,3.9639999866485596
2023-03-06,4048.419921875,171.6199951171875,300.0199890136719,3.9830000400543213
2023-03-07,3986.3701171875,168.6199951171875,296.3399963378906,3.9749999046325684
2023-03-08,3992.010009765625,168.5399932861328,297.82000732421875,3.9760000705718994
2023-03-09,3918.320068359375,170.1999969482422,292.6600036621094,3.924999952316284
2023-03-10,3861.590087890625,173.8699951171875,288.54998779296875,3.694999933242798
2023-03-13,3855.760009765625,177.86000061035156,290.69000244140625,3.515000104904175
2023-03-14,3919.2900390625,176.8300018310547,297.3699951171875,3.638000011444092
2023-03-15,3891.929931640625,178.2100067138672,298.92999267578125,3.492000102996826
2023-03-16,3960.280029296875,178.57000732421875,306.80999755859375,3.5850000381469727
2023-03-17,3916.639892578125,183.77000427246094,305.3599853515625,3.3949999809265137
2023-03-20,3951.570068359375,183.83999633789062,305.9700012207031,3.4809999465942383
2023-03-21,4002.8701171875,180.3699951171875,310.3399963378906,3.6059999465942383
2023-03-22,3936.969970703125,183.44000244140625,306.1199951171875,3.5
2023-03-23,3948.719970703125,185.74000549316406,309.75,3.4059998989105225
2023-03-24,3970.989990234375,183.64999389648438,310.8900146484375,3.380000114440918
2023-03-27,3977.530029296875,181.9499969482422,308.760009765625,3.5280001163482666
2023-03-28,3971.27001953125,183.44000244140625,307.1199951171875,3.563999891281128
2023-03-29,4027.81005859375,182.52999877929688,312.7200012207031,3.565999984741211
2023-03-30,4050.830078125,184.17999267578125,315.67999267578125,3.5510001182556152
2023-03-31,4109.31005859375,183.22000122070312,320.92999267578125,3.49399995803833
2023-04-03,4124.509765625,184.5399932861328,320.1499938964844,3.430000066757202
2023-04-04,4100.60009765625,187.97999572753906,319.07000732421875,3.3369998931884766
2023-04-05,4090.3798828125,187.8300018310547,315.9200134277344,3.2869999408721924
2023-04-06,4105.02001953125,186.49000549316406,318.04998779296875,3.2880001068115234
2023-04-07,4105.02001953125,186.49000549316406,318.04998779296875,3.2880001068115234
2023-04-10,4109.10986328125,185.11000061035156,317.8699951171875,3.4149999618530273
2023-04-11,4108.93994140625,186.27999877929688,315.8299865722656,3.434000015258789
2023-04-12,4091.949951171875,187.19000244140625,313.0400085449219,3.4210000038146973
2023-04-13,4146.22021484375,189.72000122070312,319.1700134277344,3.4519999027252197
2023-04-14,4137.64013671875,186.36000061035156,318.57000732421875,3.5220000743865967
2023-04-17,4151.31982421875,185.52999877929688,318.8399963378906,3.5910000801086426
2023-04-18,4154.8701171875,186.25,318.8599853515625,3.572000026702881
2023-04-19,4154.52001953125,185.36000061035156,318.7099914550781,3.6019999980926514
2023-04-20,4129.7900390625,186.08999633789062,316.2799987792969,3.5450000762939453
2023-04-21,4133.52001953125,184.25,316.6099853515625,3.569999933242798
2023-04-24,4137.0400390625,184.80999755859375,315.95001220703125,3.515000104904175
2023-04-25,4071.6298828125,185.75,309.989990234375,3.3959999084472656
2023-04-26,4055.989990234375,184.74000549316406,311.8699951171875,3.431999921798706
2023-04-27,4135.35009765625,184.75,320.3500061035156,3.5280001163482666
2023-04-28,4169.47998046875,184.8000030517578,322.55999755859375,3.4519999027252197
2023-05-01,4167.8701171875,183.97000122070312,322.19000244140625,3.5739998817443848
2023-05-02,4119.580078125,187.52000427246094,319.3800048828125,3.438999891281128
2023-05-03,4090.75,189.11000061035156,317.2900085449219,3.4030001163482666
2023-05-04,4061.219970703125,190.44000244140625,316.1700134277344,3.3510000705718994
2023-05-05,4136.25,187.4600067138672,322.8900146484375,3.446000099182129
2023-05-08,4138.1201171875,187.69000244140625,323.69000244140625,3.5209999084472656
2023-05-09,4119.169921875,189.02000427246094,321.6400146484375,3.5209999084472656
2023-05-10,4137.64013671875,188.75,325.1400146484375,3.438999891281128
2023-05-11,4130.6201171875,187.1300048828125,326.20001220703125,3.3970000743865967
2023-05-12,4124.080078125,186.80999755859375,325.0299987792969,3.4630000591278076
2023-05-15,4136.27978515625,187.2100067138672,326.7900085449219,3.507999897003174
2023-05-16,4109.89990234375,184.8699951171875,327.1600036621094,3.5490000247955322
2023-05-17,4158.77001953125,184.22999572753906,331.1199951171875,3.5810000896453857
2023-05-18,4198.0498046875,181.83999633789062,337.2699890136719,3.6480000019073486
2023-05-19,4191.97998046875,183.63999938964844,336.510009765625,3.691999912261963
2023-05-22,4192.6298828125,183.2100067138672,337.6400146484375,3.7190001010894775
2023-05-23,4145.580078125,183.42999267578125,333.3599853515625,3.697999954223633
2023-05-24,4115.240234375,181.9499969482422,331.6499938964844,3.7190001010894775
2023-05-25,4151.27978515625,180.1999969482422,339.7200012207031,3.813999891281128
2023-05-26,4205.4501953125,180.9199981689453,348.3999938964844,3.809999942779541
2023-05-29,4205.4501953125,180.9199981689453,348.3999938964844,3.809999942779541
2023-05-30,4205.52001953125,182.0399932861328,349.9800109863281,3.700000047683716
2023-05-31,4179.830078125,182.32000732421875,347.989990234375,3.63700008392334
2023-06-01,4221.02001953125,183.75999450683594,352.010009765625,3.6080000400543213
2023-06-02,4282.3701171875,181.0500030517578,354.6499938964844,3.690999984741211
2023-06-05,4273.7900390625,182.13999938964844,354.8999938964844,3.693000078201294
2023-06-06,4283.85009765625,182.33999633789062,354.8399963378906,3.6989998817443848
2023-06-07,4267.52001953125,180.14999389648438,348.82000732421875,3.7839999198913574
2023-06-08,4293.93017578125,182.52999877929688,353.1499938964844,3.7139999866485596
2023-06-09,4298.85986328125,182.0399932861328,354.5,3.744999885559082
2023-06-12,4338.93017578125,181.8800048828125,360.489990234375,3.765000104904175
2023-06-13,4369.009765625,180.5399932861328,363.260009765625,3.8389999866485596
2023-06-14,4372.58984375,180.63999938964844,365.8999938964844,3.7960000038146973
2023-06-15,4425.83984375,181.91000366210938,370.260009765625,3.7279999256134033
2023-06-16,4409.58984375,181.6300048828125,367.92999267578125,3.7690000534057617
2023-06-19,4409.58984375,181.6300048828125,367.92999267578125,3.7690000534057617
2023-06-20,4388.7099609375,179.75,366.8999938964844,3.7290000915527344
2023-06-21,4365.68994140625,179.49000549316406,361.8999938964844,3.7230000495910645
2023-06-22,4381.89013671875,177.7100067138672,366.1700134277344,3.7990000247955322
2023-06-23,4348.330078125,178.1999969482422,362.5400085449219,3.739000082015991
2023-06-26,4328.81982421875,178.50999450683594,357.67999267578125,3.7190001010894775
2023-06-27,4378.41015625,177.69000244140625,363.8299865722656,3.7679998874664307
2023-06-28,4376.85986328125,177.27999877929688,364.5400085449219,3.7100000381469727
2023-06-29,4396.43994140625,177.08999633789062,363.80999755859375,3.8540000915527344
2023-06-30,4450.3798828125,178.27000427246094,369.4200134277344,3.819000005722046
2023-07-03,4455.58984375,178.47000122070312,370.2900085449219,3.8580000400543213
2023-07-04,4455.58984375,178.47000122070312,370.2900085449219,3.8580000400543213
2023-07-05,4446.81982421875,177.83999633789062,370.2799987792969,3.944999933242798
2023-07-06,4411.58984375,177.30999755859375,367.4599914550781,4.040999889373779
2023-07-07,4398.9501953125,178.63999938964844,366.239990234375,4.050000190734863
2023-07-10,4409.52978515625,178.77999877929688,366.3599853515625,4.00600004196167
2023-07-11,4439.259765625,179.4499969482422,368.1700134277344,3.9800000190734863
2023-07-12,4472.16015625,181.8800048828125,372.82000732421875,3.8610000610351562
2023-07-13,4510.0400390625,182.00999450683594,379.1499938964844,3.760999917984009
2023-07-14,4505.419921875,181.42999267578125,379.07000732421875,3.819000005722046
2023-07-17,4522.7900390625,181.55999755859375,382.6099853515625,3.796999931335449
2023-07-18,4554.97998046875,183.63999938964844,385.739990234375,3.7890000343322754
2023-07-19,4565.72021484375,183.6699981689453,385.6499938964844,3.742000102996826
2023-07-20,4534.8701171875,182.74000549316406,376.760009765625,3.8540000915527344
2023-07-21,4536.33984375,182.17999267578125,375.6300048828125,3.8369998931884766
2023-07-24,4554.64013671875,181.39999389648438,376.2300109863281,3.8570001125335693
2023-07-25,4567.4599609375,182.41000366210938,378.7799987792969,3.9119999408721924
2023-07-26,4566.75,183.3000030517578,377.5199890136719,3.8510000705718994
2023-07-27,4537.41015625,180.4199981689453,376.6199951171875,4.01200008392334
2023-07-28,4582.22998046875,181.86000061035156,383.4800109863281,3.9690001010894775
2023-07-31,4588.9599609375,182.35000610351562,383.67999267578125,3.9590001106262207
2023-08-01,4576.72998046875,180.4600067138672,382.7900085449219,4.051000118255615
2023-08-02,4513.39013671875,179.60000610351562,374.3900146484375,4.078000068664551
2023-08-03,4501.89013671875,179.5399932861328,373.7900085449219,4.189000129699707
2023-08-04,4478.02978515625,180.19000244140625,372.0400085449219,4.059999942779541
2023-08-07,4518.43994140625,179.77999877929688,375.19000244140625,4.078000068664551
2023-08-08,4499.3798828125,178.63999938964844,372.0,4.026000022888184
2023-08-09,4467.7099609375,177.7899932861328,367.9100036621094,4.01200008392334
2023-08-10,4468.830078125,177.60000610351562,368.5899963378906,4.079999923706055
2023-08-11,4464.0498046875,177.60000610351562,366.239990234375,4.168000221252441
2023-08-14,4489.72021484375,177.05999755859375,370.3500061035156,4.184000015258789
2023-08-15,4437.85986328125,176.58999633789062,366.4200134277344,4.2210001945495605
2023-08-16,4404.330078125,175.57000732421875,362.5400085449219,4.257999897003174
2023-08-17,4370.35986328125,175.3000030517578,358.5799865722656,4.308000087738037
2023-08-18,4369.7099609375,175.3300018310547,358.1300048828125,4.250999927520752
2023-08-21,4399.77001953125,175.80999755859375,363.8999938964844,4.3420000076293945
2023-08-22,4387.5498046875,176.10000610351562,363.3800048828125,4.328000068664551
2023-08-23,4436.009765625,177.88999938964844,369.1099853515625,4.197999954223633
2023-08-24,4376.31005859375,177.85000610351562,361.2200012207031,4.235000133514404
2023-08-25,4405.7099609375,177.6199951171875,364.0199890136719,4.238999843597412
2023-08-28,4433.31005859375,178.1300048828125,366.760009765625,4.211999893188477
2023-08-29,4497.6298828125,179.8699951171875,374.7699890136719,4.122000217437744
2023-08-30,4514.8701171875,180.32000732421875,376.8599853515625,4.118000030517578
2023-08-31,4507.66015625,180.02000427246094,377.989990234375,4.0929999351501465
2023-09-01,4515.77001953125,180.11000061035156,377.5899963378906,4.172999858856201
2023-09-04,4515.77001953125,180.11000061035156,377.5899963378906,4.172999858856201
2023-09-05,4496.830078125,178.63999938964844,378.07000732421875,4.26800012588501
2023-09-06,4465.47998046875,177.8300018310547,374.739990234375,4.289999961853027
2023-09-07,4451.14013671875,178.02000427246094,372.05999755859375,4.260000228881836
2023-09-08,4457.490234375,178.0800018310547,372.5799865722656,4.257999897003174
2023-09-11,4487.4599609375,178.41000366210938,376.9700012207031,4.288000106811523
2023-09-12,4461.89990234375,177.49000549316406,372.7900085449219,4.263999938964844
2023-09-13,4467.43994140625,177.0800018310547,374.2099914550781,4.249000072479248
2023-09-14,4505.10009765625,177.1699981689453,377.2699890136719,4.288000106811523
2023-09-15,4450.31982421875,178.33999633789062,370.80999755859375,4.322000026702881
2023-09-18,4453.52978515625,179.38999938964844,370.6600036621094,4.318999767303467
2023-09-19,4443.9501953125,179.22000122070312,369.8699951171875,4.364999771118164
2023-09-20,4402.2001953125,179.35000610351562,364.5400085449219,4.348999977111816
2023-09-21,4330.0,178.0500030517578,357.8599853515625,4.480000019073486
2023-09-22,4320.06005859375,178.6199951171875,357.9100036621094,4.438000202178955
2023-09-25,4337.43994140625,177.6999969482422,359.6099853515625,4.541999816894531
2023-09-26,4273.52978515625,176.27999877929688,354.2099914550781,4.558000087738037
2023-09-27,4274.509765625,174.10000610351562,355.0400085449219,4.625999927520752
2023-09-28,4299.7001953125,173.22999572753906,358.010009765625,4.5970001220703125
2023-09-29,4288.0498046875,171.4499969482422,358.2699890136719,4.572999954223633
2023-10-02,4288.39013671875,169.64999389648438,361.260009765625,4.683000087738037
2023-10-03,4229.4501953125,169.16000366210938,354.9200134277344,4.802000045776367
2023-10-04,4263.75,169.13999938964844,359.75,4.735000133514404
2023-10-05,4258.18994140625,168.8300018310547,358.69000244140625,4.7170000076293945
2023-10-06,4308.5,169.6999969482422,364.70001220703125,4.783999919891357
2023-10-09,4335.66015625,172.82000732421875,366.55999755859375,4.796999931335449
2023-10-10,4358.240234375,172.52999877929688,368.5899963378906,4.65500020980835
2023-10-11,4376.9501953125,173.7899932861328,371.2200012207031,4.59499979019165
2023-10-12,4349.60986328125,173.25999450683594,369.92999267578125,4.711999893188477
2023-10-13,4327.77978515625,178.8300018310547,365.2799987792969,4.629000186920166
2023-10-16,4373.6298828125,177.9600067138672,369.4100036621094,4.711999893188477
2023-10-17,4373.2001953125,178.2899932861328,368.20001220703125,4.8470001220703125
2023-10-18,4314.60009765625,180.8699951171875,363.3699951171875,4.9039998054504395
2023-10-19,4278.0,183.08999633789062,359.9700012207031,4.98799991607666
2023-10-20,4224.16015625,183.58999633789062,354.6000061035156,4.923999786376953
2023-10-23,4217.0400390625,182.97000122070312,355.6700134277344,4.8379998207092285
2023-10-24,4247.68017578125,182.9499969482422,359.1300048828125,4.840000152587891
2023-10-25,4186.77001953125,183.72000122070312,350.3399963378906,4.953000068664551
2023-10-26,4137.22998046875,184.00999450683594,343.6600036621094,4.84499979019165
2023-10-27,4117.3701171875,186.14999389648438,345.30999755859375,4.84499979019165
2023-10-30,4166.81982421875,185.10000610351562,349.20001220703125,4.875
2023-10-31,4193.7998046875,184.08999633789062,350.8699951171875,4.875
2023-11-01,4237.85986328125,183.50999450683594,356.9599914550781,4.789000034332275
2023-11-02,4317.77978515625,184.1199951171875,363.44000244140625,4.669000148773193
2023-11-03,4358.33984375,184.7899932861328,367.7099914550781,4.558000087738037
2023-11-06,4365.97998046875,183.35000610351562,369.2099914550781,4.6620001792907715
2023-11-07,4378.3798828125,182.58999633789062,372.70001220703125,4.571000099182129
2023-11-08,4382.77978515625,180.77000427246094,372.94000244140625,4.5229997634887695
2023-11-09,4347.35009765625,181.49000549316406,370.07000732421875,4.630000114440918
2023-11-10,4415.240234375,179.50999450683594,378.3900146484375,4.627999782562256
2023-11-13,4411.5498046875,180.50999450683594,377.2099914550781,4.631999969482422
2023-11-14,4495.7001953125,182.1199951171875,385.3299865722656,4.440999984741211
2023-11-15,4502.8798828125,181.63999938964844,385.6199951171875,4.534999847412109
2023-11-16,4508.240234375,183.69000244140625,385.95001220703125,4.445000171661377
2023-11-17,4514.02001953125,183.6699981689453,386.0400085449219,4.440999984741211
2023-11-20,4547.3798828125,183.3699951171875,390.739990234375,4.421999931335449
2023-11-21,4538.18994140625,185.35000610351562,388.4700012207031,4.418000221252441
2023-11-22,4556.6201171875,184.55999755859375,390.05999755859375,4.415999889373779
2023-11-23,4556.6201171875,184.55999755859375,390.05999755859375,4.415999889373779
2023-11-24,4559.33984375,185.52000427246094,389.510009765625,4.4720001220703125
2023-11-27,4550.43017578125,186.77000427246094,389.1700134277344,4.388999938964844
2023-11-28,4554.89013671875,189.25999450683594,390.19000244140625,4.335999965667725
2023-11-29,4550.580078125,189.5399932861328,389.80999755859375,4.270999908447266
2023-11-30,4567.7998046875,188.75,388.8299865722656,4.3520002365112305
2023-12-01,4594.6298828125,192.00999450683594,389.94000244140625,4.22599983215332
2023-12-04,4569.77978515625,187.86000061035156,386.32000732421875,4.288000106811523
2023-12-05,4567.18017578125,187.14999389648438,387.2900085449219,4.171000003814697
2023-12-06,4549.33984375,187.83999633789062,385.04998779296875,4.120999813079834
2023-12-07,4585.58984375,188.14999389648438,390.42999267578125,4.129000186920166
2023-12-08,4604.3701171875,185.63999938964844,392.1700134277344,4.244999885559082
2023-12-11,4622.43994140625,183.58999633789062,395.5199890136719,4.238999843597412
2023-12-12,4643.7001953125,183.49000549316406,398.6700134277344,4.205999851226807
2023-12-13,4707.08984375,187.6300048828125,403.739990234375,4.0329999923706055
2023-12-14,4719.5498046875,188.72999572753906,403.3900146484375,3.930000066757202
2023-12-15,4719.18994140625,187.0,405.3399963378906,3.927999973297119
2023-12-18,4740.56005859375,187.85000610351562,407.0799865722656,3.9539999961853027
2023-12-19,4768.3701171875,189.1300048828125,409.1600036621094,3.921999931335449
2023-12-20,4698.35009765625,188.10000610351562,403.0799865722656,3.877000093460083
2023-12-21,4746.75,189.42999267578125,407.7699890136719,3.8940000534057617
2023-12-22,4754.6298828125,190.27000427246094,408.3800048828125,3.9010000228881836
2023-12-25,4754.6298828125,190.27000427246094,408.3800048828125,3.9010000228881836
2023-12-26,4774.75,191.72000122070312,410.8800048828125,3.885999917984009
2023-12-27,4781.580078125,192.58999633789062,411.5,3.7890000343322754
2023-12-28,4783.35009765625,191.47000122070312,411.29998779296875,3.8499999046325684
2023-12-29,4769.830078125,191.1699981689453,409.5199890136719,3.865999937057495
2024-01-01,4769.830078125,191.1699981689453,409.5199890136719,3.865999937057495
2024-01-02,4742.830078125,190.72000122070312,402.5899963378906,3.946000099182129
2024-01-03,4704.81005859375,189.1300048828125,398.3299865722656,3.9070000648498535
2024-01-04,4688.68017578125,189.32000732421875,396.2799987792969,3.990999937057495
2024-01-05,4697.240234375,189.35000610351562,396.75,4.041999816894531
2024-01-08,4763.5400390625,187.8699951171875,404.95001220703125,4.001999855041504
2024-01-09,4756.5,187.92999267578125,405.75,4.019000053405762
2024-01-10,4783.4501953125,187.5,408.5,4.03000020980835
2024-01-11,4780.240234375,187.8699951171875,409.3500061035156,3.9769999980926514
2024-01-12,4783.830078125,189.7100067138672,409.55999755859375,3.950000047683716
2024-01-15,4783.830078125,189.7100067138672,409.55999755859375,3.950000047683716
2024-01-16,4765.97998046875,187.91000366210938,409.5199890136719,4.065999984741211
2024-01-17,4739.2099609375,185.83999633789062,407.2099914550781,4.105999946594238
2024-01-18,4780.93994140625,187.3699951171875,412.989990234375,4.144000053405762
2024-01-19,4839.81005859375,187.92999267578125,421.17999267578125,4.145999908447266
2024-01-22,4850.43017578125,187.22000122070312,421.7300109863281,4.093999862670898
2024-01-23,4864.60009765625,187.9499969482422,423.4800109863281,4.142000198364258
2024-01-24,4868.5498046875,186.39999389648438,425.8299865722656,4.177999973297119
2024-01-25,4894.16015625,187.13999938964844,426.3500061035156,4.131999969482422
2024-01-26,4890.97021484375,187.00999450683594,423.80999755859375,4.159999847412109
2024-01-29,4927.93017578125,188.3300018310547,428.1499938964844,4.091000080108643
2024-01-30,4924.97021484375,188.58999633789062,425.29998779296875,4.059000015258789
2024-01-31,4845.64990234375,188.4499969482422,416.9700012207031,3.9670000076293945
2024-02-01,4906.18994140625,190.41000366210938,421.8800048828125,3.86299991607666
2024-02-02,4958.60986328125,188.61000061035156,429.010009765625,4.0329999923706055
2024-02-05,4942.81005859375,187.57000732421875,428.45001220703125,4.164000034332275
2024-02-06,4954.22998046875,188.5500030517578,427.5899963378906,4.090000152587891
2024-02-07,4995.06005859375,188.5,431.989990234375,4.110000133514404
2024-02-08,4997.91015625,188.3300018310547,432.7900085449219,4.170000076293945
2024-02-09,5026.60986328125,187.60000610351562,437.04998779296875,4.186999797821045
2024-02-12,5021.83984375,187.11000061035156,435.3399963378906,4.171999931335449
2024-02-13,4953.169921875,184.52999877929688,428.54998779296875,4.315999984741211
2024-02-14,5000.6201171875,184.4199981689453,433.2200012207031,4.267000198364258
2024-02-15,5029.72998046875,185.66000366210938,434.510009765625,4.239999771118164
2024-02-16,5005.56982421875,186.33999633789062,430.57000732421875,4.295000076293945
2024-02-19,5005.56982421875,186.33999633789062,430.57000732421875,4.295000076293945
2024-02-20,4975.509765625,187.47000122070312,427.32000732421875,4.275000095367432
2024-02-21,4981.7998046875,187.47999572753906,425.6099853515625,4.324999809265137
2024-02-22,5087.02978515625,187.55999755859375,438.07000732421875,4.327000141143799
2024-02-23,5088.7998046875,188.6199951171875,436.7799987792969,4.260000228881836
2024-02-26,5069.52978515625,188.1999969482422,436.54998779296875,4.298999786376953
2024-02-27,5078.18017578125,188.0,437.6000061035156,4.315000057220459
2024-02-28,5069.759765625,188.33999633789062,435.2699890136719,4.27400016784668
2024-02-29,5096.27001953125,189.30999755859375,439.0,4.251999855041504
2024-03-01,5137.080078125,192.88999938964844,445.6099853515625,4.179999828338623
2024-03-04,5130.9501953125,196.00999450683594,444.0199890136719,4.218999862670898
2024-03-05,5078.64990234375,197.19000244140625,436.04998779296875,4.13700008392334
2024-03-06,5104.759765625,198.80999755859375,438.7900085449219,4.104000091552734
2024-03-07,5157.35986328125,199.94000244140625,445.45001220703125,4.0920000076293945
2024-03-08,5123.68994140625,201.6300048828125,439.0199890136719,4.089000225067139
2024-03-11,5117.93994140625,202.0,437.3900146484375,4.104000091552734
2024-03-12,5175.27001953125,199.7899932861328,443.6600036621094,4.15500020980835
2024-03-13,5165.31005859375,201.19000244140625,440.25,4.191999912261963
2024-03-14,5150.47998046875,200.35000610351562,439.1400146484375,4.297999858856201
2024-03-15,5117.08984375,199.7100067138672,433.9200134277344,4.303999900817871
2024-03-18,5149.419921875,200.02999877929688,437.4800109863281,4.340000152587891
2024-03-19,5178.509765625,199.8000030517578,438.57000732421875,4.296999931335449
2024-03-20,5224.6201171875,202.17999267578125,443.7699890136719,4.2729997634887695
2024-03-21,5241.52978515625,201.97000122070312,445.8699951171875,4.270999908447266
2024-03-22,5234.18017578125,200.35000610351562,446.3800048828125,4.2179999351501465
2024-03-25,5218.18994140625,200.99000549316406,444.760009765625,4.252999782562256
2024-03-26,5203.580078125,201.63999938964844,443.32000732421875,4.234000205993652
2024-03-27,5248.490234375,203.10000610351562,444.8299865722656,4.196000099182129
2024-03-28,5254.35009765625,205.72000122070312,444.010009765625,4.205999851226807
2024-03-29,5254.35009765625,205.72000122070312,444.010009765625,4.205999851226807
2024-04-01,5243.77001953125,207.82000732421875,444.95001220703125,4.328999996185303
2024-04-02,5205.81005859375,210.88999938964844,441.1099853515625,4.364999771118164
2024-04-03,5211.490234375,212.74000549316406,442.1000061035156,4.355000019073486
2024-04-04,5147.2099609375,211.52000427246094,435.3399963378906,4.309000015258789
2024-04-05,5204.33984375,215.13999938964844,440.4700012207031,4.377999782562256
2024-04-08,5202.39013671875,216.47999572753906,440.6000061035156,4.423999786376953
2024-04-09,5209.91015625,217.6699981689453,442.2300109863281,4.366000175476074
2024-04-10,5160.64013671875,215.61000061035156,438.3699951171875,4.559999942779541
2024-04-11,5199.06005859375,219.8000030517578,445.3699951171875,4.576000213623047
2024-04-12,5123.41015625,216.88999938964844,438.2699890136719,4.499000072479248
2024-04-15,5061.81982421875,220.9499969482422,431.05999755859375,4.627999782562256
2024-04-16,5051.41015625,221.22000122070312,431.1000061035156,4.658999919891357
2024-04-17,5022.2099609375,219.58999633789062,425.8399963378906,4.585000038146973
2024-04-18,5011.1201171875,220.33999633789062,423.4100036621094,4.646999835968018
2024-04-19,4967.22998046875,221.02999877929688,414.6499938964844,4.614999771118164
2024-04-22,5010.60009765625,215.57000732421875,418.82000732421875,4.623000144958496
2024-04-23,5070.5498046875,215.0399932861328,425.07000732421875,4.5980000495910645
2024-04-24,5071.6298828125,214.63999938964844,426.510009765625,4.6519999504089355
2024-04-25,5048.419921875,215.9199981689453,424.45001220703125,4.705999851226807
2024-04-26,5099.9599609375,216.6199951171875,431.0,4.669000148773193
2024-04-29,5116.169921875,216.17999267578125,432.75,4.613999843597412
2024-04-30,5035.68994140625,211.8699951171875,424.5899963378906,4.685999870300293
2024-05-01,5018.39013671875,213.7899932861328,421.5199890136719,4.59499979019165
2024-05-02,5064.2001953125,213.1300048828125,426.8999938964844,4.571000099182129
2024-05-03,5127.7900390625,212.9600067138672,435.4800109863281,4.5
2024-05-06,5180.740234375,215.1999969482422,440.25,4.488999843597412
2024-05-07,5187.7001953125,214.2100067138672,440.32000732421875,4.4629998207092285
2024-05-08,5187.669921875,213.5800018310547,440.05999755859375,4.492000102996826
2024-05-09,5214.080078125,216.9499969482422,441.0199890136719,4.448999881744385
2024-05-10,5222.68017578125,218.7100067138672,442.05999755859375,4.504000186920166
2024-05-13,5221.419921875,216.25999450683594,443.0799865722656,4.480999946594238
2024-05-14,5246.68017578125,218.08999633789062,445.92999267578125,4.445000171661377
2024-05-15,5308.14990234375,220.88999938964844,452.8999938964844,4.355999946594238
2024-05-16,5297.10009765625,220.02999877929688,451.9800109863281,4.376999855041504
2024-05-17,5303.27001953125,223.66000366210938,451.760009765625,4.420000076293945
2024-05-20,5308.1298828125,224.55999755859375,454.9100036621094,4.436999797821045
2024-05-21,5321.41015625,224.22999572753906,455.79998779296875,4.414000034332275
2024-05-22,5307.009765625,220.11000061035156,455.7099914550781,4.434000015258789
2024-05-23,5267.83984375,215.72000122070312,453.6600036621094,4.474999904632568
2024-05-24,5304.72021484375,215.9199981689453,457.95001220703125,4.4670000076293945
2024-05-27,5304.72021484375,215.9199981689453,457.95001220703125,4.4670000076293945
2024-05-28,5306.0400390625,218.19000244140625,459.67999267578125,4.541999816894531
2024-05-29,5266.9501953125,216.16000366210938,456.44000244140625,4.624000072479248
2024-05-30,5235.47998046875,216.57000732421875,451.54998779296875,4.553999900817871
2024-05-31,5277.509765625,215.3000030517578,450.7099914550781,4.513999938964844
2024-06-03,5283.39990234375,217.22000122070312,453.1300048828125,4.4019999504089355
2024-06-04,5291.33984375,215.27000427246094,454.3699951171875,4.335999965667725
2024-06-05,5354.02978515625,217.82000732421875,463.5299987792969,4.289000034332275
2024-06-06,5352.9599609375,219.42999267578125,463.3699951171875,4.281000137329102
2024-06-07,5346.990234375,211.60000610351562,462.9599914550781,4.429999828338623
2024-06-10,5360.7900390625,213.5399932861328,464.8299865722656,4.468999862670898
2024-06-11,5375.31982421875,214.14999389648438,468.0199890136719,4.4039998054504395
2024-06-12,5421.02978515625,214.72000122070312,474.1499938964844,4.295000076293945
2024-06-13,5433.740234375,212.97000122070312,476.7200012207031,4.23799991607666
2024-06-14,5431.60009765625,215.72999572753906,479.19000244140625,4.2129998207092285
2024-06-17,5473.22998046875,214.61000061035156,485.05999755859375,4.2789998054504395
2024-06-18,5487.02978515625,215.47000122070312,485.2099914550781,4.2170000076293945
2024-06-19,5487.02978515625,215.47000122070312,485.2099914550781,4.2170000076293945
2024-06-20,5473.169921875,218.16000366210938,481.4700012207031,4.254000186920166
2024-06-21,5464.6201171875,214.77999877929688,480.17999267578125,4.256999969482422
2024-06-24,5447.8701171875,215.6300048828125,473.9599914550781,4.248000144958496
2024-06-25,5469.2998046875,214.55999755859375,479.3800048828125,4.23799991607666
2024-06-26,5477.89990234375,212.5800018310547,480.3699951171875,4.315999984741211
2024-06-27,5482.8701171875,214.99000549316406,481.6099853515625,4.288000106811523
2024-06-28,5460.47998046875,215.00999450683594,479.1099853515625,4.3429999351501465
2024-07-01,5475.08984375,215.57000732421875,481.9200134277344,4.479000091552734
2024-07-02,5509.009765625,215.55999755859375,486.9800109863281,4.435999870300293
2024-07-03,5537.02001953125,217.99000549316406,491.0400085449219,4.355000019073486
2024-07-04,5537.02001953125,217.99000549316406,491.0400085449219,4.355000019073486
2024-07-05,5567.18994140625,220.92999267578125,496.1600036621094,4.271999835968018
2024-07-08,5572.85009765625,218.19000244140625,497.3399963378906,4.269000053405762
2024-07-09,5576.97998046875,218.55999755859375,497.7699890136719,4.300000190734863
2024-07-10,5633.91015625,219.36000061035156,502.9599914550781,4.28000020980835
2024-07-11,5584.5400390625,223.25,491.92999267578125,4.192999839782715
2024-07-12,5615.35009765625,223.11000061035156,494.82000732421875,4.189000129699707
2024-07-15,5631.22021484375,223.8300018310547,496.1499938964844,4.229000091552734
2024-07-16,5667.2001953125,228.2899932861328,496.3399963378906,4.166999816894531
2024-07-17,5588.27001953125,227.22999572753906,481.7699890136719,4.145999908447266
2024-07-18,5544.58984375,225.77999877929688,479.489990234375,4.189000129699707
2024-07-19,5505.0,221.72999572753906,475.239990234375,4.238999843597412
2024-07-22,5564.41015625,221.8000030517578,482.32000732421875,4.260000228881836
2024-07-23,5555.740234375,222.5800018310547,480.6199951171875,4.238999843597412
2024-07-24,5427.1298828125,221.8000030517578,463.3800048828125,4.285999774932861
2024-07-25,5399.22021484375,218.3300018310547,458.2699890136719,4.25600004196167
2024-07-26,5459.10009765625,220.6300048828125,462.9700012207031,4.199999809265137
2024-07-29,5463.5400390625,220.32000732421875,463.8999938964844,4.177999973297119
2024-07-30,5436.43994140625,222.52000427246094,457.5299987792969,4.14300012588501
2024-07-31,5522.2998046875,226.5500030517578,471.07000732421875,4.109000205993652
2024-08-01,5446.68017578125,225.77000427246094,459.6600036621094,3.9760000705718994
2024-08-02,5346.56005859375,225.33999633789062,448.75,3.7920000553131104
2024-08-05,5186.330078125,222.47999572753906,435.3699951171875,3.7850000858306885
2024-08-06,5240.02978515625,220.6999969482422,439.5299987792969,3.888000011444092
2024-08-07,5199.5,220.5500030517578,434.7699890136719,3.9679999351501465
2024-08-08,5319.31005859375,224.00999450683594,448.07000732421875,3.996999979019165
2024-08-09,5344.16015625,224.55999755859375,450.4100036621094,3.941999912261963
2024-08-12,5344.39013671875,228.41000366210938,451.3800048828125,3.9089999198913574
2024-08-13,5434.43017578125,228.05999755859375,462.5799865722656,3.8519999980926514
2024-08-14,5455.2099609375,226.1999969482422,462.7300109863281,3.819999933242798
2024-08-15,5543.22021484375,226.91000366210938,474.4200134277344,3.9260001182556152
2024-08-16,5554.25,231.99000549316406,475.0299987792969,3.8919999599456787
2024-08-19,5608.25,231.61000061035156,481.2699890136719,3.867000102996826
2024-08-20,5597.1201171875,232.4600067138672,480.260009765625,3.818000078201294
2024-08-21,5620.85009765625,232.14999389648438,482.5,3.7780001163482666
2024-08-22,5570.64013671875,229.3699951171875,474.8500061035156,3.861999988555908
2024-08-23,5634.60986328125,232.02000427246094,480.0,3.806999921798706
2024-08-26,5616.83984375,232.75999450683594,475.3399963378906,3.818000078201294
2024-08-27,5625.7998046875,233.38999938964844,476.760009765625,3.8329999446868896
2024-08-28,5592.18017578125,231.75,471.3500061035156,3.8410000801086426
2024-08-29,5591.9599609375,232.9499969482422,470.6600036621094,3.867000102996826
2024-08-30,5648.39990234375,231.2899932861328,476.2699890136719,3.9110000133514404
2024-09-02,5648.39990234375,231.2899932861328,476.2699890136719,3.9110000133514404
2024-09-03,5528.93017578125,230.2899932861328,461.80999755859375,3.8440001010894775
2024-09-04,5520.06982421875,230.42999267578125,460.6099853515625,3.7679998874664307
2024-09-05,5503.41015625,232.35000610351562,461.0400085449219,3.7309999465942383
2024-09-06,5408.419921875,230.6300048828125,448.69000244140625,3.7100000381469727
2024-09-09,5471.0498046875,231.60000610351562,454.4599914550781,3.697000026702881
2024-09-10,5495.52001953125,232.6199951171875,458.6600036621094,3.6459999084472656
2024-09-11,5554.1298828125,232.25,468.6199951171875,3.6530001163482666
2024-09-12,5595.759765625,236.3300018310547,473.2200012207031,3.680000066757202
2024-09-13,5626.02001953125,238.67999267578125,475.3399963378906,3.6500000953674316
2024-09-16,5633.08984375,238.66000366210938,473.239990234375,3.621000051498413
2024-09-17,5634.580078125,237.33999633789062,473.489990234375,3.6419999599456787
2024-09-18,5618.259765625,235.50999450683594,471.44000244140625,3.684999942779541
2024-09-19,5713.64013671875,239.1699981689453,483.3599853515625,3.740000009536743
2024-09-20,5702.5498046875,242.2100067138672,482.44000244140625,3.7279999256134033
2024-09-23,5718.56982421875,242.67999267578125,483.0400085449219,3.739000082015991
2024-09-24,5732.93017578125,246.07000732421875,485.3699951171875,3.7360000610351562
2024-09-25,5722.259765625,245.72999572753906,485.82000732421875,3.7809998989105225
2024-09-26,5745.3701171875,246.97999572753906,489.4700012207031,3.7909998893737793
2024-09-27,5738.169921875,245.02000427246094,486.75,3.749000072479248
2024-09-30,5762.47998046875,243.05999755859375,488.07000732421875,3.802000045776367
2024-10-01,5708.75,245.61000061035156,481.2699890136719,3.743000030517578
2024-10-02,5709.5400390625,245.66000366210938,481.95001220703125,3.7850000858306885
2024-10-03,5699.93994140625,245.49000549316406,481.5899963378906,3.8499999046325684
2024-10-04,5751.06982421875,245.0,487.32000732421875,3.9809999465942383
2024-10-07,5695.93994140625,244.1699981689453,482.1000061035156,4.026000022888184
2024-10-08,5751.1298828125,242.3699951171875,489.29998779296875,4.0329999923706055
2024-10-09,5792.0400390625,241.0500030517578,493.1499938964844,4.066999912261963
2024-10-10,5780.0498046875,242.82000732421875,492.5899963378906,4.0960001945495605
2024-10-11,5815.02978515625,245.47000122070312,493.3599853515625,4.072999954223633
2024-10-14,5859.85009765625,245.07000732421875,497.5,4.0980000495910645
2024-10-15,5815.259765625,245.9199981689453,490.8500061035156,4.038000106811523
2024-10-16,5842.47021484375,247.14999389648438,490.9100036621094,4.015999794006348
2024-10-17,5841.47021484375,248.6300048828125,491.25,4.0960001945495605
2024-10-18,5864.669921875,251.27000427246094,494.4700012207031,4.072999954223633
2024-10-21,5853.97998046875,251.22000122070312,495.4200134277344,4.182000160217285
2024-10-22,5851.2001953125,253.92999267578125,495.9599914550781,4.203999996185303
2024-10-23,5797.419921875,250.8699951171875,488.3599853515625,4.242000102996826
2024-10-24,5809.85986328125,252.8000030517578,492.32000732421875,4.199999809265137
2024-10-25,5808.1201171875,253.32000732421875,495.32000732421875,4.23199987411499
2024-10-28,5823.52001953125,253.3300018310547,495.3999938964844,4.2779998779296875
2024-10-29,5832.919921875,256.0899963378906,500.1600036621094,4.27400016784668
2024-10-30,5813.669921875,257.5,496.3800048828125,4.265999794006348
2024-10-31,5705.4501953125,253.50999450683594,483.8500061035156,4.283999919891357
2024-11-01,5728.7998046875,252.47000122070312,487.42999267578125,4.361000061035156
2024-11-04,5712.68994140625,252.8300018310547,486.010009765625,4.309000015258789
2024-11-05,5782.759765625,253.39999389648438,492.2099914550781,4.289000034332275
2024-11-06,5929.0400390625,245.6999969482422,505.5799865722656,4.426000118255615
2024-11-07,5973.10009765625,249.64999389648438,513.5399780273438,4.341000080108643
2024-11-08,5995.5400390625,247.9600067138672,514.1400146484375,4.306000232696533
2024-11-11,6001.35009765625,242.13999938964844,513.8400268554688,4.308000087738037
2024-11-12,5983.990234375,240.0500030517578,512.9099731445312,4.432000160217285
2024-11-13,5985.3798828125,237.6300048828125,512.25,4.451000213623047
2024-11-14,5949.169921875,237.00999450683594,508.69000244140625,4.418000221252441
2024-11-15,5870.6201171875,236.58999633789062,496.57000732421875,4.427999973297119
2024-11-18,5893.6201171875,241.08999633789062,500.0199890136719,4.414000034332275
2024-11-19,5916.97998046875,243.25,503.4599914550781,4.379000186920166
2024-11-20,5917.10986328125,244.6199951171875,503.1700134277344,4.406000137329102
2024-11-21,5948.7099609375,246.66000366210938,504.9800109863281,4.432000160217285
2024-11-22,5969.33984375,249.83999633789062,505.7900085449219,4.409999847412109
2024-11-25,5987.3701171875,242.47999572753906,506.5899963378906,4.264999866485596
2024-11-26,6021.6298828125,242.9499969482422,509.30999755859375,4.302000045776367
2024-11-27,5998.740234375,243.49000549316406,505.29998779296875,4.242000102996826
2024-11-28,5998.740234375,243.49000549316406,505.29998779296875,4.242000102996826
2024-11-29,6032.3798828125,245.58999633789062,509.739990234375,4.177999973297119
2024-12-02,6047.14990234375,243.44000244140625,515.2899780273438,4.196000099182129
2024-12-03,6049.8798828125,243.92999267578125,516.8699951171875,4.2230000495910645
2024-12-04,6086.490234375,244.6699981689453,523.260009765625,4.179999828338623
2024-12-05,6075.10986328125,242.86000061035156,521.8099975585938,4.179999828338623
2024-12-06,6090.27001953125,242.9499969482422,526.47998046875,4.151000022888184
2024-12-09,6052.85009765625,245.36000061035156,522.3800048828125,4.198999881744385
2024-12-10,6034.91015625,248.58999633789062,520.5999755859375,4.2210001945495605
2024-12-11,6084.18994140625,250.9600067138672,529.9199829101562,4.270999908447266
2024-12-12,6051.25,247.27999877929688,526.5,4.323999881744385
2024-12-13,6051.08984375,244.2899932861328,530.530029296875,4.39900016784668
2024-12-16,6074.080078125,244.8800048828125,538.1699829101562,4.396999835968018
2024-12-17,6050.60986328125,243.94000244140625,535.7999877929688,4.385000228881836
2024-12-18,5872.16015625,239.25999450683594,516.469970703125,4.49399995803833
2024-12-19,5867.080078125,239.60000610351562,514.1699829101562,4.570000171661377
2024-12-20,5930.85009765625,242.10000610351562,518.6599731445312,4.52400016784668
2024-12-23,5974.06982421875,240.9600067138672,522.8699951171875,4.598999977111816
2024-12-24,6040.0400390625,241.44000244140625,529.9600219726562,4.591000080108643
2024-12-25,6040.0400390625,241.44000244140625,529.9600219726562,4.591000080108643
2024-12-26,6037.58984375,243.07000732421875,529.5999755859375,4.578999996185303
2024-12-27,5970.83984375,241.39999389648438,522.5599975585938,4.61899995803833
2024-12-30,5906.93994140625,240.6300048828125,515.6099853515625,4.545000076293945
2024-12-31,5881.6298828125,242.1300048828125,511.2300109863281,4.572999954223633
2025-01-01,5881.6298828125,242.1300048828125,511.2300109863281,4.572999954223633
2025-01-02,5868.5498046875,245.4199981689453,510.2300109863281,4.574999809265137
2025-01-03,5942.47021484375,243.49000549316406,518.5800170898438,4.5960001945495605
2025-01-06,5975.3798828125,243.19000244140625,524.5399780273438,4.618000030517578
2025-01-07,5909.02978515625,244.55999755859375,515.1799926757812,4.683000087738037
2025-01-08,5918.25,245.86000061035156,515.27001953125,4.692999839782715
2025-01-09,5918.25,245.86000061035156,515.27001953125,4.692999839782715
2025-01-10,5827.0400390625,248.2100067138672,507.19000244140625,4.776000022888184
2025-01-13,5836.22021484375,245.74000549316406,505.55999755859375,4.802999973297119
2025-01-14,5842.91015625,247.02999877929688,505.0799865722656,4.788000106811523
2025-01-15,5949.91015625,248.8800048828125,516.7000122070312,4.6529998779296875
2025-01-16,5937.33984375,250.60000610351562,513.0800170898438,4.605999946594238
2025-01-17,5996.66015625,249.27000427246094,521.739990234375,4.609000205993652
2025-01-20,5996.66015625,249.27000427246094,521.739990234375,4.609000205993652
2025-01-21,6049.240234375,253.1300048828125,524.7999877929688,4.573999881744385
2025-01-22,6086.3701171875,254.42999267578125,531.510009765625,4.598999977111816
2025-01-23,6118.7099609375,254.07000732421875,532.6400146484375,4.638000011444092
2025-01-24,6101.240234375,255.64999389648438,529.6300048828125,4.625999927520752
2025-01-27,6012.27978515625,252.99000549316406,514.2100219726562,4.5279998779296875
2025-01-28,6067.7001953125,255.17999267578125,521.8099975585938,4.551000118255615
2025-01-29,6039.31005859375,254.1999969482422,520.8300170898438,4.554999828338623
2025-01-30,6071.169921875,258.04998779296875,523.0499877929688,4.51200008392334
2025-01-31,6040.52978515625,258.55999755859375,522.2899780273438,4.568999767303467
2025-02-03,5994.56982421875,259.94000244140625,518.1099853515625,4.543000221252441
2025-02-04,6037.8798828125,262.5,524.469970703125,4.513000011444092
2025-02-05,6061.47998046875,264.1300048828125,526.8499755859375,4.421999931335449
2025-02-06,6083.56982421875,263.42999267578125,529.5999755859375,4.440000057220459
2025-02-07,6025.990234375,263.8999938964844,522.9199829101562,4.486999988555908
2025-02-10,6066.43994140625,268.3699951171875,529.25,4.493000030517578
2025-02-11,6068.5,267.3900146484375,527.989990234375,4.5370001792907715
2025-02-12,6051.97021484375,267.6700134277344,528.2999877929688,4.63700008392334
2025-02-13,6115.06982421875,270.30999755859375,535.9000244140625,4.525000095367432
2025-02-14,6114.6298828125,266.2900085449219,538.1500244140625,4.4720001220703125
2025-02-17,6114.6298828125,266.2900085449219,538.1500244140625,4.4720001220703125
2025-02-18,6129.580078125,270.70001220703125,539.3699951171875,4.544000148773193
2025-02-19,6144.14990234375,270.8500061035156,539.52001953125,4.534999847412109
2025-02-20,6117.52001953125,270.989990234375,537.22998046875,4.5
2025-02-21,6013.1298828125,270.739990234375,526.0800170898438,4.420000076293945
2025-02-24,5983.25,272.2099914550781,519.8699951171875,4.39300012588501
2025-02-25,5955.25,268.6199951171875,513.3200073242188,4.297999858856201
2025-02-26,5956.06005859375,269.0299987792969,514.5599975585938,4.249000072479248
2025-02-27,5861.56982421875,264.92999267578125,500.2699890136719,4.284999847412109
2025-02-28,5954.5,263.2699890136719,508.1700134277344,4.230999946594238
2025-03-03,5849.72021484375,266.739990234375,497.04998779296875,4.179999828338623
2025-03-04,5778.14990234375,269.05999755859375,495.54998779296875,4.210000038146973
2025-03-05,5842.6298828125,269.6199951171875,502.010009765625,4.264999866485596
2025-03-06,5738.52001953125,268.25,488.20001220703125,4.285999774932861
2025-03-07,5770.2001953125,268.3900146484375,491.7900085449219,4.316999912261963
2025-03-10,5614.56005859375,266.0400085449219,472.7300109863281,4.2129998207092285
2025-03-11,5572.06982421875,269.1600036621094,471.6000061035156,4.288000106811523
2025-03-12,5599.2998046875,270.3299865722656,476.9200134277344,4.317999839782715
2025-03-13,5521.52001953125,275.1300048828125,468.3399963378906,4.27400016784668
2025-03-14,5638.93994140625,275.239990234375,479.6600036621094,4.308000087738037
2025-03-17,5675.1201171875,276.7300109863281,482.7699890136719,4.306000232696533
2025-03-18,5614.66015625,279.9599914550781,474.5400085449219,4.281000137329102
2025-03-19,5675.2900390625,281.1099853515625,480.8900146484375,4.25600004196167
2025-03-20,5662.89013671875,280.75,479.260009765625,4.232999801635742
2025-03-21,5667.56005859375,278.489990234375,480.8399963378906,4.251999855041504
2025-03-24,5767.56982421875,277.25,490.6600036621094,4.330999851226807
2025-03-25,5776.64990234375,278.4700012207031,493.4599914550781,4.307000160217285
2025-03-26,5712.2001953125,278.239990234375,484.3800048828125,4.3379998207092285
2025-03-27,5693.31005859375,281.9700012207031,481.6199951171875,4.36899995803833
2025-03-28,5580.93994140625,284.05999755859375,468.94000244140625,4.255000114440918
2025-03-31,5611.85009765625,288.1400146484375,468.9200134277344,4.245999813079834
2025-04-01,5633.06982421875,287.57000732421875,472.70001220703125,4.156000137329102
2025-04-02,5670.97021484375,288.1600036621094,476.1499938964844,4.196000099182129
2025-04-03,5396.52001953125,286.4200134277344,450.6600036621094,4.054999828338623
2025-04-04,5074.080078125,279.7200012207031,422.6700134277344,3.984999895095825
2025-04-07,5062.25,273.7099914550781,423.69000244140625,4.15500020980835
2025-04-08,4982.77001953125,275.20001220703125,416.05999755859375,4.26200008392334
2025-04-09,5456.89990234375,285.3800048828125,466.0,4.400000095367432
2025-04-10,5268.0498046875,292.3500061035156,446.17999267578125,4.394000053405762
2025-04-11,5363.35986328125,297.92999267578125,454.3999938964844,4.493000030517578
2025-04-14,5405.97021484375,296.2300109863281,457.4800109863281,4.363999843597412
2025-04-15,5396.6298828125,297.7799987792969,457.989990234375,4.322999954223633
2025-04-16,5275.7001953125,307.4700012207031,444.17999267578125,4.2789998054504395
2025-04-17,5282.7001953125,306.1199951171875,444.1000061035156,4.333000183105469
2025-04-18,5282.7001953125,306.1199951171875,444.1000061035156,4.333000183105469
2025-04-21,5158.2001953125,315.5899963378906,433.1099853515625,4.40500020980835
2025-04-22,5287.759765625,311.1099853515625,444.4800109863281,4.388999938964844
2025-04-23,5375.85986328125,303.6499938964844,454.55999755859375,4.38700008392334
2025-04-24,5484.77001953125,308.07000732421875,467.3500061035156,4.304999828338623
2025-04-25,5525.2099609375,304.7300109863281,472.55999755859375,4.265999794006348
2025-04-28,5528.75,309.07000732421875,472.4100036621094,4.216000080108643
2025-04-29,5560.830078125,306.05999755859375,475.5299987792969,4.172999858856201
2025-04-30,5569.06005859375,303.7699890136719,475.4700012207031,4.177000045776367
2025-05-01,5604.14013671875,297.4599914550781,481.67999267578125,4.230999946594238
2025-05-02,5686.669921875,297.9800109863281,488.8299865722656,4.322000026702881
2025-05-05,5650.3798828125,306.8800048828125,485.92999267578125,4.3429999351501465
2025-05-06,5606.91015625,315.4800109863281,481.4100036621094,4.308000087738037
2025-05-07,5631.27978515625,310.75,483.29998779296875,4.275000095367432
2025-05-08,5663.93994140625,304.6300048828125,488.2900085449219,4.373000144958496
2025-05-09,5659.91015625,306.8399963378906,487.9700012207031,4.375
2025-05-12,5844.18994140625,298.19000244140625,507.8500061035156,4.456999778747559
2025-05-13,5886.5498046875,299.4599914550781,515.5900268554688,4.499000072479248
2025-05-14,5892.580078125,293.1600036621094,518.6799926757812,4.5279998779296875
2025-05-15,5916.93017578125,297.8399963378906,519.25,4.454999923706055
2025-05-16,5958.3798828125,294.239990234375,521.510009765625,4.440999984741211
2025-05-19,5963.60009765625,298.0299987792969,522.010009765625,4.474999904632568
2025-05-20,5940.4599609375,303.5799865722656,520.27001953125,4.480999946594238
2025-05-21,5844.60986328125,305.82000732421875,513.0399780273438,4.5960001945495605
2025-05-22,5842.009765625,303.1099853515625,514.0,4.552999973297119
2025-05-23,5802.81982421875,309.75,509.239990234375,4.508999824523926
2025-05-26,5802.81982421875,309.75,509.239990234375,4.508999824523926
2025-05-27,5921.5400390625,304.5,521.219970703125,4.434000015258789
2025-05-28,5888.5498046875,303.80999755859375,518.9099731445312,4.4770002365112305
2025-05-29,5912.169921875,305.6099853515625,519.9299926757812,4.423999786376953
2025-05-30,5911.68994140625,303.6000061035156,519.1099853515625,4.415999889373779
2025-06-02,5935.93994140625,311.6700134277344,523.2100219726562,4.461999893188477
2025-06-03,5970.3701171875,308.9100036621094,527.2999877929688,4.460000038146973
2025-06-04,5970.81005859375,310.8999938964844,528.77001953125,4.364999771118164
2025-06-05,5939.2998046875,309.3299865722656,524.7899780273438,4.394000053405762
2025-06-06,6000.35986328125,305.17999267578125,529.9199829101562,4.510000228881836
2025-06-09,6005.8798828125,306.6199951171875,530.7000122070312,4.48199987411499
2025-06-10,6038.81005859375,306.7099914550781,534.2100219726562,4.473999977111816
2025-06-11,6022.240234375,308.3699951171875,532.4099731445312,4.4120001792907715
2025-06-12,6045.259765625,312.20001220703125,533.6599731445312,4.35699987411499
2025-06-13,5976.97021484375,316.2900085449219,526.9600219726562,4.423999786376953
2025-06-16,6033.10986328125,311.7799987792969,534.2899780273438,4.452000141143799
2025-06-17,5982.72021484375,311.94000244140625,529.0800170898438,4.39300012588501
2025-06-18,5980.8701171875,310.260009765625,528.989990234375,4.396999835968018
2025-06-19,5980.8701171875,310.260009765625,528.989990234375,4.396999835968018
2025-06-20,5967.83984375,310.1300048828125,526.8300170898438,4.375
2025-06-23,6025.169921875,311.0799865722656,531.6500244140625,4.320000171661377
2025-06-24,6092.18017578125,306.19000244140625,539.780029296875,4.293000221252441
2025-06-25,6092.16015625,307.1199951171875,541.1599731445312,4.293000221252441
2025-06-26,6141.02001953125,306.7799987792969,546.219970703125,4.252999782562256
2025-06-27,6173.06982421875,301.2200012207031,548.0900268554688,4.2829999923706055
2025-06-30,6204.9501953125,304.8299865722656,551.6400146484375,4.230000019073486
2025-07-01,6198.009765625,307.54998779296875,546.989990234375,4.250999927520752
2025-07-02,6227.419921875,309.25,550.7999877929688,4.293000221252441
2025-07-03,6279.35009765625,307.1400146484375,556.219970703125,4.3480000495910645
2025-07-04,6279.35009765625,307.1400146484375,556.219970703125,4.3480000495910645
2025-07-07,6229.97998046875,307.3699951171875,552.030029296875,4.394999980926514
2025-07-08,6225.52001953125,304.1600036621094,552.3400268554688,4.414999961853027
2025-07-09,6263.259765625,305.5199890136719,556.25,4.3420000076293945
2025-07-10,6280.4599609375,306.20001220703125,555.4500122070312,4.3460001945495605
